Date,Number of Build Requests,Average Budget,Primary Use Case
2024-01-01,45,1200,Gaming
2024-01-02,62,1800,Content Creation
2024-01-03,38,900,General Use
2024-01-04,71,2500,Gaming
2024-01-05,29,700,General Use
2024-01-06,54,1500,Content Creation
2024-01-07,18,600,General Use
2024-01-08,85,2800,Gaming
2024-01-09,32,1000,General Use
2024-01-10,59,1700,Content Creation
2024-01-11,21,550,General Use
2024-01-12,92,2900,Gaming
2024-01-13,35,1100,General Use
2024-01-14,65,1900,Content Creation
2024-01-15,24,650,General Use
2024-01-16,78,2600,Gaming
2024-01-17,39,1300,General Use
2024-01-18,57,1600,Content Creation
2024-01-19,19,750,General Use
2024-01-20,88,2700,Gaming
2024-01-21,33,1050,General Use
2024-01-22,61,1750,Content Creation
2024-01-23,26,500,General Use
2024-01-24,95,3000,Gaming
2024-01-25,41,1250,General Use
2024-01-26,67,1850,Content Creation
2024-01-27,23,700,General Use
2024-01-28,81,2550,Gaming
2024-01-29,36,1150,General Use
2024-01-30,63,1650,Content Creation
2024-01-31,20,800,General Use